"topic","prompt"
"Climate Change and Environmental Awareness","evocative digital painting, melting polar ice caps and rising sea levels, stark reminder of climate change, Al Gore meets Zaria Forman, high-resolution artwork"
"Climate Change and Environmental Awareness","powerful acrylic painting, deforestation and wildlife habitat loss, urgent call for environmental conservation, Jane Goodall meets Banksy, thought-provoking artwork on canvas"
"Climate Change and Environmental Awareness","poignant oil painting, scenes of natural disasters and human impact, a plea for climate action, Greta Thunberg meets J.M.W. Turner, emotive artwork on canvas"
"Technology and Artificial Intelligence","futuristic digital painting, merging of human consciousness with artificial intelligence, exploration of the singularity, Ray Kurzweil meets H.R. Giger, high-resolution artwork"
"Technology and Artificial Intelligence","intriguing acrylic painting, cyborgs and AI interacting with humans, examining the ethics of technology, Isaac Asimov meets Masamune Shirow, thought-provoking artwork on canvas"
"Technology and Artificial Intelligence","captivating digital painting, virtual reality world blending with physical reality, exploration of the metaverse, Ready Player One meets Inception, high-resolution artwork"
"Social Issues and Identity","bold digital painting, diverse group of individuals celebrating their unique identities, embracing inclusivity and acceptance, Human Rights Campaign meets Kehinde Wiley, high-resolution artwork"
"Social Issues and Identity","expressive oil painting, powerful protest scene advocating for social justice and equality, Black Lives Matter meets Guernica, thought-provoking artwork on canvas"
"Social Issues and Identity","poignant digital painting, representation of gender fluidity and non-binary identities, challenging societal norms, Genderqueer meets Frida Kahlo, high-resolution artwork"
"Globalization and Cultural Exchange","vibrant acrylic painting, bustling cityscape with cultural landmarks from around the world, showcasing globalization, Eiffel Tower meets Great Wall of China, mesmerizing artwork on canvas"
"Globalization and Cultural Exchange","dynamic digital painting, fusion of traditional and contemporary art styles from various cultures, global artistic exchange, Picasso meets Yinka Shonibare, high-resolution artwork"
"Globalization and Cultural Exchange","intricate oil painting, lively marketplace with diverse vendors and products, celebrating cultural exchange, Silk Road meets Pieter Bruegel the Elder, detailed artwork on canvas"
"Space Exploration and Extraterrestrial Life","enigmatic digital painting, distant exoplanet with potential signs of life, search for extraterrestrial existence, SETI meets Chesley Bonestell, high-resolution artwork"
"Space Exploration and Extraterrestrial Life","imaginative acrylic painting, futuristic Mars colony with advanced technology, human exploration of the cosmos, SpaceX meets Robert McCall, awe-inspiring artwork on canvas"
"Space Exploration and Extraterrestrial Life","mystical oil painting, cosmic scene with enigmatic alien beings, exploring the unknown, Carl Sagan meets Alex Grey, thought-provoking artwork on canvas"
