"artist","prompt"
"Annibale Carracci","oil painting, expansive landscape with rolling hills and lush forests, contrasting the harmony of nature with the lively activities of rural life, Annibale Carracci meets Pieter Bruegel the Elder, pastoral masterpiece on canvas"
"Artemisia Gentileschi","oil painting, powerful depiction of a female warrior in the heat of battle, exploring themes of strength and resilience, Artemisia Gentileschi meets Elisabetta Sirani, empowering artwork on canvas"
"Georges de La Tour","oil painting, intimate scene of a mother and child illuminated by candlelight, capturing the tenderness of maternal love, Georges de La Tour meets Gerrit van Honthorst, poignant masterpiece on canvas"
"Juan Sanchez Cotan","oil painting, still life with an array of fruit and vegetables arranged in a geometric composition, highlighting the beauty of everyday objects, Juan Sanchez Cotan meets Giorgio Morandi, mesmerizing artwork on canvas"
"Rosalba Carriera","pastel painting, delicate portrait of a young woman with expressive eyes and rosy cheeks, capturing the fleeting beauty of youth, Rosalba Carriera meets Jean-Baptiste Greuze, enchanting artwork on paper"
"Francois Boucher","oil painting, romantic pastoral scene with elegantly dressed lovers in a blossoming garden, embodying the charm of Rococo art, Francois Boucher meets Jean-Honore Fragonard, exquisite artwork on canvas"
"Jacob van Ruisdael","oil painting, dramatic seascape with towering cliffs and crashing waves, conveying the awe-inspiring power of nature, Jacob van Ruisdael meets John Constable, captivating masterpiece on canvas"
"Angelica Kauffman","oil painting, allegorical scene representing the virtues of wisdom and prudence, celebrating the intellectual pursuits of women, Angelica Kauffman meets Marie-Guillemine Benoist, inspiring artwork on canvas"
"Gaspar David Friedrich","oil painting, contemplative figure gazing at a distant mountain range bathed in the soft glow of sunset, exploring themes of solitude and self-reflection, Caspar David Friedrich meets J.M.W. Turner, transcendent artwork on canvas"
"Josefa de Ayala","oil painting, opulent interior scene of a grand banquet with richly dressed guests and sumptuous food, showcasing the artist's mastery of detail, Josefa de Ayala meets Jan Steen, lavish artwork on canvas"
